INSERT INTO ubicaciones_venta (descripcion) VALUES
('Montevideo'),
('Canelones'),
('San Jose'),
('Rocha'),
('Maldonado'),
('Durazno'),
('Cerro Largo'),
('Treinta y Tres'),
('Lavalleja'),
('Soriano'),
('Flores'),
('Florida'),
('Colonia'),
('Salto'),
('Paysandu'),
('Artigas'),
('Rivera'),
('Tacuarembo'),
('Rio Negro');

INSERT INTO formas_de_contacto (descripcion) VALUES
('WhatsApp'),
('Instagram'),
('Telefono'),
('Email'),
('Presencial');

INSERT INTO compradores (nombre, apellido, email, documento, domicilio, telefono, id_forma_contacto, id_ubicacion) VALUES
('Juan','Perez','juanperez@mail.com',29930291,'Agraciada 3092','99392992',1,1),
('Juan','Garcia','juangarcia@mail.com',52448914,'Bulevar Artigas 1246',99009550,2,1),
('Pedro','Rodriguez','pedrorodrigues@mail.com','10742855','Avenida 18 de Julio 1530',99380258,3,1),
('Ana','Gonzalez','anagonzalez@mail.com',47311786,'Rambla Republica del Peru 1021', 98823295,2,1),
('Maria','Fernandez','mariafernandez@mail.com',15868443,'Canelones 1345',99397228,5,1),
('Gonzalo','Lopez','gonzalolopez@mail.com',41792332, 'Jackson 890',98007061,3,1),
('Victoria', 'Martinez', 'victoriamartinez@mail.com',25152843,'Joaquin Requena 711',99817881,4,1),
('Valentina','Perez','valentinaperez@mail.com',16599626,'Juan Paullier 1234', 98130591,5,1),
('Martina','Sanchez','martinasanchez@mail.com',32259285,'Rivera 3205',98363945,2,1),
('Clara','Ramirez','clararamirez@mail.com',19297540,'Colonia 2048',98558883,3,1),
('Ricardo','Torres','ricardotorres@mail.com',52731792,'San Jose 1680',99651452,4,1),
('Mariana','Diaz','marianadiaz@mail.com',11228154,'Avenida Brasil 4567',99160405,5,1),
('Jorge','Gomez','jorgegomez@mail.com',55506297,'Bulevar Artigas 1144',99060398,3,1),
('Luis','Alvarez','luisalvarez@mail.com',56708006,'Millan 3010',98541361,2,1),
('Jose','Herrera','joseherrera@mail.com',17509857,'Luis Alberto de Herrera 920',99308590,2,1),
('Fernando','Vargas','fernandovargas@mail.com',	58517445,'General Flores 2120',99457794,4,1),
('Martin','Castro','martincastro@mail.com',58340844,'Ejido 545',98181292,4,1),
('Bruno','Morales','brunomorales@mail.com',28466704,'Agraciada 3991',98468268,3,1),
('Lucia','Mendoza','luciamendoza@mail.com',38028589,'Garibaldi 1508',98012539,2,1),
('Juana','Ortega','juanaortega@mail.com',39139439,'Mercedes 999',99023986,1,1);

INSERT INTO premios (descripcion_premio) VALUES
('Apartamento'),
('Auto'),
('Viaje'),
('Electrodomesticos'),
('Television'),
('Computadora'),
('Celular'),
('Bicicleta'),
('Gift Card');

INSERT INTO rifas (numero) VALUES
(6392),
(7764),
(29311),
(26778),
(9956),
(17189),
(23766),
(15484),
(3324),
(18593),
(9627),
(10611),
(7536),
(14744),
(21288),
(19939),
(17434),
(23307),
(21489),
(25868),
(558),
(18261),
(24935),
(18886),
(446),
(16659),
(31209),
(4767),
(6470),
(26162);

INSERT INTO sorteos (id_sorteo, id_premio, resultado) VALUES
(1,1,1),
(1,2,2),
(1,3,3),
(1,4,4),
(1,5,5),
(1,6,6),
(1,7,7),
(1,8,8),
(1,9,9),
(2,1,10),
(2,2,11),
(2,3,27),
(2,4,13),
(2,5,30),
(2,6,15),
(2,7,12),
(2,8,17),
(2,9,22),
(3,1,19),
(3,2,20),
(3,3,21),
(3,4,22),
(3,5,23),
(3,6,24),
(3,7,25),
(3,8,26),
(3,9,27);

INSERT INTO detalle_premios (id_premio,detalle) VALUES
(1,'Apartamento de un dormitorio en torre Sea Garden'),
(2,'Citroen C3'),
(3,'Viaje de 7 noches todo incluido en Punta Cana'),
(4,'Microondas, Heladera, Cocina y Lavarropas'),
(5,'Television Samsung de 55 pulgadas'),
(6,'Computadora Macbook Air M4'),
(7,'Celular iPhone 16'),
(8,'Bicicleta Rodado 16'),
(9,'Gift Card por un valor de 7.000');



INSERT INTO entrega_rifas (id_rifa,numero,fecha_entrega) VALUES
(1,6392,'2025-04-03'),
(2,7764,'2025-04-29'),
(3,29311,'2025-04-12'),
(4,26778,'2025-05-12'),
(5,9956,'2025-05-27'),
(6,17189,'2025-05-30'),
(7,23766,'2025-04-01'),
(8,15484,'2025-04-28'),
(9,3324,'2025-05-28'),
(10,18593,'2025-05-19'),
(11,9627,NULL),
(12,10611,NULL),
(13,7536,NULL),
(14,14744,NULL),
(15,21288,NULL),
(16,19939,NULL),
(17,17434,NULL),
(18,23307,NULL),
(19,21489,NULL),
(20,25868,NULL),
(21,558,NULL),
(22,18261,NULL),
(23,24935,NULL),
(24,18886,NULL),
(25,446,NULL),
(26,16659,NULL),
(27,31209,NULL),
(28,4767,NULL),
(29,6470,NULL),
(30,26162,NULL);

INSERT INTO fechas_sorteos (id_sorteo,id_premio,fecha_sorteo) VALUES
(1,1,'2025-04-25'),
(1,2,'2025-04-25'),
(1,3,'2025-04-25'),
(1,4,'2025-04-25'),
(1,5,'2025-04-25'),
(1,6,'2025-04-25'),
(1,7,'2025-04-25'),
(1,8,'2025-04-25'),
(1,9,'2025-04-25'),
(2,1,'2025-05-30'),
(2,2,'2025-05-30'),
(2,3,'2025-05-30'),
(2,4,'2025-05-30'),
(2,5,'2025-05-30'),
(2,6,'2025-05-30'),
(2,7,'2025-05-30'),
(2,8,'2025-05-30'),
(2,9,'2025-05-30'),
(3,1,'2025-06-27'),
(3,2,'2025-06-27'),
(3,3,'2025-06-27'),
(3,4,'2025-06-27'),
(3,5,'2025-06-27'),
(3,6,'2025-06-27'),
(3,7,'2025-06-27'),
(3,8,'2025-06-27'),
(3,9,'2025-06-27');



INSERT INTO formas_pago (descripcion) VALUES
('Debito'),
('Credito'),
('Transferencia'),
('Efectivo');

INSERT INTO tipos_de_ventas (descripcion) VALUES
('Presencial'),
('Online');

INSERT INTO ventas (id_comprador,id_rifa,tipo_de_venta,forma_de_pago) VALUES
(1,1,2,1),
(2,2,1,4),
(3,3,1,2),
(4,4,2,2),
(5,5,1,1),
(6,6,1,3),
(7,7,2,4),
(8,8,2,2),
(9,9,1,1),
(10,10,2,1),
(11,11,1,4),
(12,12,2,2),
(13,13,2,4),
(14,14,1,1),
(15,15,1,1),
(16,16,2,4),
(17,17,1,4),
(18,18,1,4),
(19,19,1,1),
(20,20,2,2),
(7,21,2,1),
(7,22,2,3),
(5,23,1,3),
(1,24,1,3),
(16,25,2,4),
(11,26,1,4),
(10,27,2,4),
(3,28,2,3),
(15,29,1,4),
(17,30,1,4);
